{"data":[{"marker":{"color":[0.35673189975452124,0.23011007205739686,0.5924691207538928,0.9287957702895968,0.9880615176410178,0.3882060195892756,0.7684956322577784,0.2559577025696491,0.5309130773864958,0.5588398368520343,0.12525358192545533,0.14444208282699011,0.9380102719262114,0.9332156537687825,0.8593981283149622,0.9692393752398057,0.3481192459425233,0.11131859361266361,0.9078776967500266,0.837028101429269,0.8258509730409733,0.43062161042042235,0.2557074273683526,0.36575584122127636,0.028890395377050626,0.6741555201693707,0.10589612593088793,0.09878985502746851,0.39695054841462896,0.16228761888053267,0.6466242845672171,0.10373364587818301,0.6412151980318402,0.7078063898801151,0.3367159213646146,0.7179403541766326,0.6051917076034421,0.14556842126511926,0.2524665037438203,0.2534117794875609,0.1752603907785163,0.5838342428235608,0.8832968222278204,0.8287090308152314,0.06685123859480402,0.5692477213356851,0.6529356762699563,0.5182834453478322,0.5972414063186635,0.45186416993241707,0.820409026582044,0.6110837822191189,0.5880467917429563,0.8930751905586723,0.29486622305717936,0.5693858613383446,0.6128094984177048,0.8494076958855772,0.5569250507306264,0.1506367958230883,0.17577083820450745,0.5950883979609738,0.873640775334628,0.41683763873723023,0.6702109224322542,0.9128130443591091,0.263934931176787,0.5978942124459179,0.4988715405398444,0.4055689501373333,0.5743312794970938,0.6197943829465635,0.2958032720263374,0.557474548975833,0.20509898456407671,0.5669800482207861,0.7125564019283216,0.9483808481831809,0.6224608355355831,0.5372961312180163,0.7993087700296735,0.790200871663935,0.7246154176235171,0.5774705184502805,0.7523649724355117,0.02678253536887998,0.6317615415588088,0.046799892212697536,0.9459109552655764,0.14486097007493803,0.09081126298635889,0.9863309885163105,0.575814212384982,0.42999817238515603,0.6505512402861341,0.757180010619514,0.3516771850686433,0.10426760435585758,0.2945462540873892,0.11104005248828797],"colorscale":"Viridis","opacity":0.6,"size":[25.677727066597225,10.632841950596534,11.620653487200752,22.46700137725637,27.430532461304246,16.905559746925633,14.519086877263726,18.440155795918688,5.083100563701669,25.6369893348869,18.10551449555505,17.75073193971038,3.369341996382259,25.86285886717673,29.344655742600864,17.331518947501323,18.60434402088564,9.839875630813076,12.915094002451319,18.936010820449177,10.35252351270566,25.373150539219765,26.454715891652416,1.874198148974645,26.664693105382746,17.06939538763407,26.04774280093206,4.734638338544941,22.36096944199188,21.923607103605633,28.62961322340452,14.863112861393613,1.5262571941250425,26.699418223111785,25.470456806973697,22.438131787605887,11.403236273018583,2.365473845862317,22.75606407125656,10.666107492672207,5.979399626199723,4.892287651984059,23.665771085696733,3.2211704146006124,12.916304489729413,23.588232791760802,3.5471412047633444,23.277763550837452,10.877293641517996,17.23155358251491,1.5457200250428516,29.578584232790032,14.450129383515849,29.57467968032127,26.266421083049654,20.874632963265267,16.443485892360364,26.05445852299235,23.982595343141153,21.439881996740233,11.253849647312515,22.376941604542537,13.948417622196734,7.7180940239537055,29.900886504043402,23.85688109644658,12.638280527784955,16.693954929313197,24.717157858225494,14.807621851772327,26.553064423411897,20.420977265591265,18.112680285892928,26.242430588331267,20.02372907206638,19.68321654595303,21.11034183394227,19.699019043686757,23.047186048721763,28.683408420890544,1.6530545038376843,22.647567844955656,22.07818658047981,1.2768564000680205,22.829988724503252,14.147701935117178,10.564545065071753,25.51503119039544,16.817002367388785,28.26835587105342,13.68763746762388,0.799005707859094,10.770621077171675,16.8396323983627,10.802368632801617,27.54707480276636,25.719093788178395,1.3014561330083108,10.828087335855551,28.21261566296644]},"mode":"markers","type":"scatter","x":[0.26959163023255683,0.9073288889607647,0.17027922032881126,0.8193849877791103,0.11742971336915742,0.6904881361990177,0.6663835895919185,0.30087562831330683,0.4995760705916995,0.6731065259831619,0.01792217957477027,0.6853841376057777,0.8395115144390892,0.6691016197424388,0.19592474976010577,0.7431791311670463,0.9735233025717919,0.3421413864675842,0.38074185821513395,0.2817758457555035,0.5011425502766829,0.1741177301916318,0.08149667625796986,0.05301795133016496,0.9874286458209265,0.2646472571628271,0.33227193359765095,0.26146771519639256,0.0397366908330028,0.9030235753277492,0.00011242608398598364,0.1724785163578143,0.10550386490129549,0.6724964246261956,0.10610357886927169,0.8312802716817475,0.3830492302157562,0.2961869270233801,0.9673362942203615,0.3784821605703276,0.1947484104876629,0.26377941325766074,0.9237236726483218,0.5851097472467687,0.7479527978672857,0.29151895556099305,0.36989045681044397,0.2629634319378248,0.24951172363547913,0.8551859813654811,0.6167343791401769,0.2954914420599698,0.88531469438355,0.5431291021772411,0.9858126115034458,0.23090912133401686,0.6996799144629995,0.5730901263951922,0.9333339311079111,0.31295023735119,0.9912977444846216,0.6340509218174859,0.7032755806996352,0.0902569015146556,0.5516526134194925,0.319965796341958,0.08550223119232214,0.907023398658004,0.5774919040603326,0.792627656897266,0.0065232125984411304,0.21704688671952033,0.4692835090122097,0.972811883691673,0.7996947434481252,0.712536619581295,0.8293511739168054,0.962993446812236,0.5704426433988455,0.3746526543053502,0.8363073942838182,0.4962874734985375,0.4207811133408611,0.10120171788715071,0.24705382765500228,0.019823740749246532,0.05697242247087342,0.47556894173396536,0.5249437466097572,0.5797988658435861,0.9098429508238396,0.9268726242886799,0.23094442056655773,0.24091496499996645,0.006169971171070876,0.6392545281903487,0.01793130837602641,0.05926141976367405,0.895571563470225,0.5737869960556404],"y":[0.7000933318166469,0.5046796903229157,0.42494404383029616,0.854974016142386,0.47447376358751914,0.521666582266883,0.35609937519662305,0.47719530201379134,0.00041815444018777903,0.4832908392286813,0.08493285602159306,0.29211486053116964,0.49450581818884287,0.09949617551304579,0.2218929724675317,0.6025604403527226,0.7957530083122227,0.8867861946258033,0.4661247886346567,0.8579115521209243,0.9850915992537799,0.02402863202044614,0.612493398797187,0.14065575921234785,0.14950919502823845,0.2982284651316267,0.6864838919797042,0.45670554116217066,0.8980344881840755,0.8927284167926457,0.9762792681007642,0.6926806369558874,0.7808331309372571,0.5169129630957346,0.5060067889358972,0.1543400210262652,0.5017849851939481,0.16141944140174924,0.44025605540970303,0.59443654997971,0.03833813990820656,0.39112729708004457,0.9531676730145288,0.4765226368326425,0.5895111719097897,0.4656000884463778,0.8750692144615368,0.6983599711911894,0.35526881644589214,0.23876344413036144,0.9996640191578319,0.40135071355731367,0.1393483039679071,0.05128546936718448,0.08616823115299244,0.10872473903365543,0.3211428798868007,0.3364823052615207,0.3617107069289437,0.11941795141668354,0.3024957050983249,0.5856535137676304,0.466093632991578,0.108881748978091,0.39583162715791176,0.8443133208518216,0.46033419043976054,0.6239376263553158,0.06730311748417983,0.7210193777789973,0.11730366480434062,0.9696828569229264,0.2021479853112531,0.8289156845458532,0.19928252729183005,0.39180699717452927,0.8349115096768936,0.9013128417763724,0.3789001258748449,0.685496047291232,0.7868698867176188,0.7516608246091858,0.4853245138902198,0.19811995478841216,0.21266104133146413,0.6691024041509654,0.07424760831108457,0.26285811179775365,0.12178390709069131,0.934261547315583,0.5887615435066499,0.026495778967880246,0.3041679618812957,0.16097382730811838,0.37187189368228923,0.3637884888187657,0.9755596054918146,0.3857540640600611,0.08291081290634716,0.8133077686455444]}],"layout":{"xaxis":{"type":"linear","range":[-0.1216997577397674,1.1050904426863306],"autorange":true},"yaxis":{"type":"linear","range":[-0.06841669096736555,1.0732629665794131],"autorange":true},"autosize":true}}