{"data":[{"marker":{"color":[0.687832642003096,0.7909508113243583,0.19642642871844596,0.7299709016707054,0.10109780142217095,0.3486018975084162,0.47236793660915743,0.7352030566743484,0.6796211447480065,0.44649501322450924,0.5631893550567847,0.9775671697776972,0.47915568976674516,0.8966915283385576,0.9853797816943068,0.27077987557374195,0.322621091215466,0.5609263679820299,0.29273438533447904,0.8191223388630648,0.8744421625743595,0.6303287492688863,0.033033905865601176,0.8649664520559135,0.08484913786566095,0.5588417278242045,0.052699889481450435,0.3240245940301978,0.8755758643123922,0.7025566472418984,0.7319606692092511,0.24479946777716133,0.908798250154297,0.8114658969317217,0.10283212767509953,0.8864682841372693,0.8149702191820042,0.00458969307119661,0.7531002163305373,0.15422070370791952,0.8077406535062184,0.35957420469897117,0.052236378318122445,0.36032007225439133,0.15045928041981516,0.740428995097223,0.49822701790499113,0.5179562571124171,0.37067272164680753,0.6397322778363258,0.3060809701786864,0.0029841754289038347,0.2119911384694212,0.13411535308649036,0.137611786820092,0.41551031592750065,0.2285598039218637,0.7168329056640661,0.14010111115390278,0.5643639311226334,0.841211117653937,0.04544353659569034,0.8275072563371302,0.5701337955251835,0.16093308924706207,0.008736261332090933,0.5279240119225141,0.17329560974872082,0.09609040123761436,0.06431429829897972,0.658665940703833,0.5590085055095476,0.3008708546620146,0.05629322964486816,0.710468415998486,0.2316752757662226,0.10620932998778021,0.3579221623186829,0.1062703789807048,0.37693180620892963,0.3104165279582307,0.23517524048093652,0.9100784975112773,0.6285117888235722,0.06114430933862436,0.2214671616043472,0.035800137465325954,0.6558218086411961,0.46631547467436063,0.14898465196272137,0.24151479157565803,0.3756122453135793,0.13517946166218053,0.4579110011069848,0.9580338775017995,0.9008848079363885,0.633837329679713,0.8093525190343885,0.30286504082536125,0.5489936622453716],"colorscale":[[0.0,"#440154"],[0.1111111111111111,"#482878"],[0.2222222222222222,"#3e4989"],[0.3333333333333333,"#31688e"],[0.4444444444444444,"#26828e"],[0.5555555555555556,"#1f9e89"],[0.6666666666666666,"#35b779"],[0.7777777777777778,"#6ece58"],[0.8888888888888888,"#b5de2b"],[1.0,"#fde725"]],"opacity":0.6,"size":[5.145310141851876,27.651950788643006,11.589643535335886,8.111958568101818,26.398321906333557,1.5444584947342588,0.18935566480566934,25.425107082858354,28.93139801969562,20.438598555964496,14.989390630646374,27.905279893881108,11.015061636626882,29.066543694580375,26.083879709292905,24.286231386746177,18.111984319390622,11.190381081980131,9.044474631479428,4.030931480067094,7.460851330137737,7.183903817307961,20.975729740157995,6.316147536894236,1.7974005106260094,8.755538143960589,22.810080270297174,20.80193670815577,3.6861852330162326,4.36787230242654,6.085452020115877,27.730728826939732,15.390412729821707,12.399528261610378,5.462880788810135,9.245657320684757,24.746541275944995,14.147055060081206,4.5105645351678225,28.90283735484898,15.535630143644589,10.527045983055103,28.93589310274611,27.062991758078788,14.449834929421648,6.197537926035346,25.15953625799069,4.937721523844387,9.696401113409362,11.679882878811975,23.616907299556733,26.699146753135555,26.963238222532826,27.16748733628102,18.75409145312453,13.04100342735875,19.900878609502044,6.340441212952735,17.45024328015491,24.356685262545216,28.436992300524963,20.324854972945552,29.58374524231761,23.109758511513053,15.746534893220748,0.4643285543258979,6.9550516271905325,3.5651995215869228,0.2498651155103515,8.77107313534559,10.47067432751437,15.511062353557374,19.170546350449637,19.69340976353571,21.566083201424945,4.067198725375634,20.484552192989224,17.882650127555145,16.77461306223177,0.540408373963619,6.280876586734797,14.368186674152955,0.3875820603169289,26.255762404303105,24.60915883557513,27.8794731083368,24.24017170292905,12.382099504654988,2.9643287319895464,21.904475065642384,15.999263101365264,8.69439572320865,4.775679238793361,1.8552989942483689,18.706159033224406,15.245391448675107,26.387616986407224,8.047072834753164,11.259527143747443,0.10612248999997798]},"mode":"markers","type":"scatter","x":[0.8928899514344737,0.07698960359384832,0.23509703003583982,0.20490529303395433,0.17053815101868064,0.7389700905294475,0.22525393580220165,0.5871901704806988,0.19600413189249355,0.05060120801894241,0.533063881291418,0.05357978817491582,0.45159812828932466,0.9143948550465382,0.23706845230047735,0.6483226911072855,0.335770859824578,0.710174688417024,0.21620954512097534,0.3100278032289737,0.35766931703498495,0.7673551155415643,0.5794904656985269,0.028369386018598952,0.16420141797161802,0.5120376700988432,0.5945973311285094,0.23480043379176752,0.6006200523182458,0.7176361335114427,0.05435599490583398,0.44474325959122285,0.8544943823918488,0.40467961251794204,0.6268959598779129,0.4627490388746168,0.43263757884286613,0.9253593701538312,0.567804721259828,0.5027610196548192,0.4069390022813243,0.12175972928250056,0.8654170141722975,0.6836317813573581,0.909375317715791,0.33070002726151015,0.40444828268744026,0.24726865672946052,0.10646413095905993,0.13551682489104933,0.5261945472808959,0.6689746775061982,0.9176180009472357,0.5668036366701008,0.6223740868331422,0.7329180601256553,0.5599129335348415,0.7552079320296811,0.9977840233006904,0.3636654854134125,0.47610774197002603,0.960665184274895,0.8675571090370316,0.2038422549535397,0.6461303064041509,0.0419307984747761,0.03078737865515524,0.6021825923222186,0.2933055724421013,0.3956991192027163,0.3157654294495651,0.12406675200463324,0.616097955548178,0.722826491539521,0.5485520978718257,0.6398795968268042,0.26924988494890534,0.06687235507705636,0.9469412988024504,0.06879350574336929,0.5386365919856322,0.4466955977620767,0.09893126933866181,0.666621652381887,0.3763386001199236,0.6508856604237434,0.4751119823800517,0.6728053649586706,0.797881868277745,0.584098875026163,0.11686358816467235,0.5009108759939176,0.255790896999483,0.00958856367207539,0.12163225684066492,0.8652596385138319,0.056469593498658655,0.10952311164214834,0.8039002404885546,0.1530636549713913],